peak,config,max_amount,max_time_days,total_score,early_score,retention_score,whale_score,target_score,flash_score,early_growth_rate,week20_retention,max_whale_efficiency,flash_whale_efficiency,target_fp_per_$,early,retention,whale
8.0,"Tight (5-35w, $1k-$10k)",10000,245,82.54978998330888,100,95.35533905932738,33.91488868577362,99.99999999999997,100.0,3.9393873336424257,0.6767766952966369,0.730425556571132,0.1255490612065564,800.0000000000002,"{'week1_fp_per_$': np.float64(125.10876208919751), 'week2_fp_per_$': np.float64(314.62135623730956), 'week3_fp_per_$': np.float64(617.9606347910659), 'target_fp_per_$': np.float64(800.0000000000002), 'week1_vs_target': np.float64(0.15638595261149685), 'week3_vs_target': np.float64(0.7724507934888322), 'early_growth_rate': np.float64(3.9393873336424257)}","{'target_fp_per_$': np.float64(800.0000000000002), 'week10_fp_per_$': np.float64(761.6920527758978), 'week20_fp_per_$': np.float64(541.4213562373096), 'week10_vs_target': np.float64(0.9521150659698719), 'week20_vs_target': np.float64(0.6767766952966369), 'retention_penalty': np.float64(0.32322330470336313), 'long_micro_fp_per_$': np.float64(105.11959594928932), 'long_micro_vs_target': np.float64(0.1313994949366116)}","{'target_fp_per_$': np.float64(800.0000000000002), 'flash_whale_fp_per_$': np.float64(100.43924896524514), 'whale_5k_fp_per_$': np.float64(584.3404452569057), 'whale_10k_target_fp_per_$': np.float64(282.842712474619), 'whale_10k_10w_fp_per_$': np.float64(269.29880784686947), 'flash_whale_efficiency': np.float64(0.1255490612065564), 'whale_5k_efficiency': np.float64(0.730425556571132), 'whale_10k_target_efficiency': np.float64(0.3535533905932737), 'whale_10k_10w_efficiency': np.float64(0.33662350980858674)}"
7.0,"Tight (5-35w, $1k-$10k)",10000,245,82.52902884325691,100,97.79644730092272,31.878957532289448,99.99999999999999,100.0,3.4626455115147294,0.6889822365046135,0.7406052123385528,0.1434219488047968,700.0000000000001,"{'week1_fp_per_$': np.float64(122.5126317424886), 'week2_fp_per_$': np.float64(287.8875655532296), 'week3_fp_per_$': np.float64(546.7304461494737), 'target_fp_per_$': np.float64(700.0000000000001), 'week1_vs_target': np.float64(0.17501804534641224), 'week3_vs_target': np.float64(0.7810434944992479), 'early_growth_rate': np.float64(3.4626455115147294)}","{'target_fp_per_$': np.float64(700.0000000000001), 'week10_fp_per_$': np.float64(667.746306007886), 'week20_fp_per_$': np.float64(482.28756555322957), 'week10_vs_target': np.float64(0.9539232942969799), 'week20_vs_target': np.float64(0.6889822365046135), 'retention_penalty': np.float64(0.31101776349538646), 'long_micro_fp_per_$': np.float64(104.60810367098085), 'long_micro_vs_target': np.float64(0.1494401481014012)}","{'target_fp_per_$': np.float64(700.0000000000001), 'flash_whale_fp_per_$': np.float64(100.39536416335778), 'whale_5k_fp_per_$': np.float64(518.4236486369871), 'whale_10k_target_fp_per_$': np.float64(264.5751311064591), 'whale_10k_10w_fp_per_$': np.float64(252.3843806541288), 'flash_whale_efficiency': np.float64(0.1434219488047968), 'whale_5k_efficiency': np.float64(0.7406052123385528), 'whale_10k_target_efficiency': np.float64(0.3779644730092272), 'whale_10k_10w_efficiency': np.float64(0.3605491152201839)}"
6.0,"Tight (5-35w, $1k-$10k)",10000,245,82.33830724958749,100,100.0,29.353228998349962,99.99999999999999,100.0,2.9669440438855204,0.7041241452319316,0.7532338550082502,0.16724702601946229,599.9999999999999,"{'week1_fp_per_$': np.float64(119.74508177854102), 'week2_fp_per_$': np.float64(260.4744871391589), 'week3_fp_per_$': np.float64(475.02203894596784), 'target_fp_per_$': np.float64(599.9999999999999), 'week1_vs_target': np.float64(0.1995751362975684), 'week3_vs_target': np.float64(0.7917033982432798), 'early_growth_rate': np.float64(2.9669440438855204)}","{'target_fp_per_$': np.float64(599.9999999999999), 'week10_fp_per_$': np.float64(573.699924020616), 'week20_fp_per_$': np.float64(422.47448713915884), 'week10_vs_target': np.float64(0.9561665400343602), 'week20_vs_target': np.float64(0.7041241452319316), 'retention_penalty': np.float64(0.29587585476806844), 'long_micro_fp_per_$': np.float64(104.0585712797929), 'long_micro_vs_target': np.float64(0.1734309521329882)}","{'target_fp_per_$': np.float64(599.9999999999999), 'flash_whale_fp_per_$': np.float64(100.34821561167735), 'whale_5k_fp_per_$': np.float64(451.94031300495004), 'whale_10k_target_fp_per_$': np.float64(244.94897427831782), 'whale_10k_10w_fp_per_$': np.float64(234.21201322066463), 'flash_whale_efficiency': np.float64(0.16724702601946229), 'whale_5k_efficiency': np.float64(0.7532338550082502), 'whale_10k_target_efficiency': np.float64(0.40824829046386313), 'whale_10k_10w_efficiency': np.float64(0.39035335536777443)}"
5.0,"Tight (5-35w, $1k-$10k)",10000,245,81.52586193196248,100,100.0,26.10344772784991,99.99999999999999,100.0,2.449007406494567,0.7236067977499788,0.7694827613607504,0.20059388922067622,500.0000000000001,"{'week1_fp_per_$': np.float64(116.76101131290133), 'week2_fp_per_$': np.float64(232.20339887498957), 'week3_fp_per_$': np.float64(402.70959280799264), 'target_fp_per_$': np.float64(500.0000000000001), 'week1_vs_target': np.float64(0.2335220226258026), 'week3_vs_target': np.float64(0.8054191856159851), 'early_growth_rate': np.float64(2.449007406494567)}","{'target_fp_per_$': np.float64(500.0000000000001), 'week10_fp_per_$': np.float64(479.52642946296146), 'week20_fp_per_$': np.float64(361.8033988749895), 'week10_vs_target': np.float64(0.9590528589259227), 'week20_vs_target': np.float64(0.7236067977499788), 'retention_penalty': np.float64(0.2763932022500212), 'long_micro_fp_per_$': np.float64(103.4609903369994), 'long_micro_vs_target': np.float64(0.20692198067399875)}","{'target_fp_per_$': np.float64(500.0000000000001), 'flash_whale_fp_per_$': np.float64(100.29694461033813), 'whale_5k_fp_per_$': np.float64(384.7413806803753), 'whale_10k_target_fp_per_$': np.float64(223.606797749979), 'whale_10k_10w_fp_per_$': np.float64(214.45073865738794), 'flash_whale_efficiency': np.float64(0.20059388922067622), 'whale_5k_efficiency': np.float64(0.7694827613607504), 'whale_10k_target_efficiency': np.float64(0.44721359549995787), 'whale_10k_10w_efficiency': np.float64(0.4289014773147758)}"
4.0,"Tight (5-35w, $1k-$10k)",10000,245,80.42524005486968,100,100.0,21.70096021947873,100.0,100.0,1.9041899283821127,0.75,0.7914951989026063,0.250600583090379,400.0,"{'week1_fp_per_$': np.float64(113.4912), 'week2_fp_per_$': np.float64(202.8), 'week3_fp_per_$': np.float64(329.6), 'target_fp_per_$': np.float64(400.0), 'week1_vs_target': np.float64(0.28372800000000004), 'week3_vs_target': np.float64(0.8240000000000001), 'early_growth_rate': np.float64(1.9041899283821127)}","{'target_fp_per_$': np.float64(400.0), 'week10_fp_per_$': np.float64(385.1851851851852), 'week20_fp_per_$': np.float64(300.0), 'week10_vs_target': np.float64(0.962962962962963), 'week20_vs_target': np.float64(0.75), 'retention_penalty': np.float64(0.25), 'long_micro_fp_per_$': np.float64(102.8), 'long_micro_vs_target': np.float64(0.257)}","{'target_fp_per_$': np.float64(400.0), 'flash_whale_fp_per_$': np.float64(100.24023323615161), 'whale_5k_fp_per_$': np.float64(316.59807956104254), 'whale_10k_target_fp_per_$': np.float64(200.0), 'whale_10k_10w_fp_per_$': np.float64(192.5925925925926), 'flash_whale_efficiency': np.float64(0.250600583090379), 'whale_5k_efficiency': np.float64(0.7914951989026063), 'whale_10k_target_efficiency': np.float64(0.5), 'whale_10k_10w_efficiency': np.float64(0.4814814814814815)}"
3.0,"Tight (5-35w, $1k-$10k)",10000,245,77.79486351219543,100,100.0,15.249799222593595,99.99999999999999,93.21609137698022,1.3253526207289126,0.788675134594813,0.823751003887032,0.3339195431150989,299.99999999999994,"{'week1_fp_per_$': np.float64(109.81912426958107), 'week2_fp_per_$': np.float64(171.80254037844384), 'week3_fp_per_$': np.float64(255.36818842642447), 'target_fp_per_$': np.float64(299.99999999999994), 'week1_vs_target': np.float64(0.36606374756527027), 'week3_vs_target': np.float64(0.8512272947547483), 'early_growth_rate': np.float64(1.3253526207289126)}","{'target_fp_per_$': np.float64(299.99999999999994), 'week10_fp_per_$': np.float64(290.60778375976946), 'week20_fp_per_$': np.float64(236.60254037844385), 'week10_vs_target': np.float64(0.968692612532565), 'week20_vs_target': np.float64(0.788675134594813), 'retention_penalty': np.float64(0.21132486540518702), 'long_micro_fp_per_$': np.float64(102.04974226119286), 'long_micro_vs_target': np.float64(0.34016580753730963)}","{'target_fp_per_$': np.float64(299.99999999999994), 'flash_whale_fp_per_$': np.float64(100.17586293452966), 'whale_5k_fp_per_$': np.float64(247.12530116610955), 'whale_10k_target_fp_per_$': np.float64(173.20508075688772), 'whale_10k_10w_fp_per_$': np.float64(167.78248218230345), 'flash_whale_efficiency': np.float64(0.3339195431150989), 'whale_5k_efficiency': np.float64(0.823751003887032), 'whale_10k_target_efficiency': np.float64(0.5773502691896258), 'whale_10k_10w_efficiency': np.float64(0.5592749406076782)}"
8.0,"Medium ($1k-$50k, 5-40w)",50000,280,73.95845310381381,100,100.0,0.0,99.99999999999997,93.05635402542546,3.9393873336424257,0.7455676610206762,0.9877797749294888,0.33471822987287264,800.0000000000002,"{'week1_fp_per_$': np.float64(125.10876208919751), 'week2_fp_per_$': np.float64(314.62135623730956), 'week3_fp_per_$': np.float64(617.9606347910659), 'target_fp_per_$': np.float64(800.0000000000002), 'week1_vs_target': np.float64(0.15638595261149685), 'week3_vs_target': np.float64(0.7724507934888322), 'early_growth_rate': np.float64(3.9393873336424257)}","{'target_fp_per_$': np.float64(800.0000000000002), 'week10_fp_per_$': np.float64(771.3528033149206), 'week20_fp_per_$': np.float64(596.4541288165411), 'week10_vs_target': np.float64(0.9641910041436504), 'week20_vs_target': np.float64(0.7455676610206762), 'retention_penalty': np.float64(0.2544323389793238), 'long_micro_fp_per_$': np.float64(115.76643819694172), 'long_micro_vs_target': np.float64(0.1447080477461771)}","{'target_fp_per_$': np.float64(800.0000000000002), 'flash_whale_fp_per_$': np.float64(267.7745838982982), 'whale_5k_fp_per_$': np.float64(790.2238199435913), 'whale_10k_target_fp_per_$': np.float64(754.068657639651), 'whale_10k_10w_fp_per_$': np.float64(727.0662162028299), 'flash_whale_efficiency': np.float64(0.33471822987287264), 'whale_5k_efficiency': np.float64(0.9877797749294888), 'whale_10k_target_efficiency': np.float64(0.9425858220495634), 'whale_10k_10w_efficiency': np.float64(0.908832770253537), 'whale_50k_fp_per_$': np.float64(210.87837957644538), 'whale_50k_efficiency': np.float64(0.26359797447055666)}"
8.0,"Wide ($1k-$100k, 5-50w)",100000,350,73.50720581153959,100,100.0,0.0,99.99999999999997,90.04803874359729,3.9393873336424257,0.8324027308945523,0.9969193319565445,0.3497598062820136,800.0000000000002,"{'week1_fp_per_$': np.float64(125.10876208919751), 'week2_fp_per_$': np.float64(314.62135623730956), 'week3_fp_per_$': np.float64(617.9606347910659), 'target_fp_per_$': np.float64(800.0000000000002), 'week1_vs_target': np.float64(0.15638595261149685), 'week3_vs_target': np.float64(0.7724507934888322), 'early_growth_rate': np.float64(3.9393873336424257)}","{'target_fp_per_$': np.float64(800.0000000000002), 'week10_fp_per_$': np.float64(782.264839248101), 'week20_fp_per_$': np.float64(665.9221847156421), 'week10_vs_target': np.float64(0.977831049060126), 'week20_vs_target': np.float64(0.8324027308945523), 'retention_penalty': np.float64(0.1675972691054477), 'long_micro_fp_per_$': np.float64(154.95013832085533), 'long_micro_vs_target': np.float64(0.1936876729010691)}","{'target_fp_per_$': np.float64(800.0000000000002), 'flash_whale_fp_per_$': np.float64(279.80784502561096), 'whale_5k_fp_per_$': np.float64(797.5354655652358), 'whale_10k_target_fp_per_$': np.float64(787.9550143401302), 'whale_10k_10w_fp_per_$': np.float64(770.4868782843962), 'flash_whale_efficiency': np.float64(0.3497598062820136), 'whale_5k_efficiency': np.float64(0.9969193319565445), 'whale_10k_target_efficiency': np.float64(0.9849437679251625), 'whale_10k_10w_efficiency': np.float64(0.963108597855495), 'whale_50k_fp_per_$': np.float64(453.94174047875435), 'whale_50k_efficiency': np.float64(0.5674271755984428), 'whale_100k_fp_per_$': np.float64(147.40366619712344), 'whale_100k_efficiency': np.float64(0.18425458274640424)}"
7.0,"Medium ($1k-$50k, 5-40w)",50000,280,73.24514438446951,100,100.0,0.0,99.99999999999999,88.30096256313004,3.4626455115147294,0.7551755214467802,0.9882412344173984,0.35849518718434975,700.0000000000001,"{'week1_fp_per_$': np.float64(122.5126317424886), 'week2_fp_per_$': np.float64(287.8875655532296), 'week3_fp_per_$': np.float64(546.7304461494737), 'target_fp_per_$': np.float64(700.0000000000001), 'week1_vs_target': np.float64(0.17501804534641224), 'week3_vs_target': np.float64(0.7810434944992479), 'early_growth_rate': np.float64(3.4626455115147294)}","{'target_fp_per_$': np.float64(700.0000000000001), 'week10_fp_per_$': np.float64(675.8802550758681), 'week20_fp_per_$': np.float64(528.6228650127463), 'week10_vs_target': np.float64(0.9655432215369544), 'week20_vs_target': np.float64(0.7551755214467802), 'retention_penalty': np.float64(0.24482447855321976), 'long_micro_fp_per_$': np.float64(114.14460382120083), 'long_micro_vs_target': np.float64(0.1630637197445726)}","{'target_fp_per_$': np.float64(700.0000000000001), 'flash_whale_fp_per_$': np.float64(250.94663102904488), 'whale_5k_fp_per_$': np.float64(691.768864092179), 'whale_10k_target_fp_per_$': np.float64(661.3277252244507), 'whale_10k_10w_fp_per_$': np.float64(638.5405023049218), 'flash_whale_efficiency': np.float64(0.35849518718434975), 'whale_5k_efficiency': np.float64(0.9882412344173984), 'whale_10k_target_efficiency': np.float64(0.9447538931777865), 'whale_10k_10w_efficiency': np.float64(0.9122007175784596), 'whale_50k_fp_per_$': np.float64(199.8006625951705), 'whale_50k_efficiency': np.float64(0.2854295179931007)}"
7.0,"Wide ($1k-$100k, 5-50w)",100000,350,72.7811600550474,100,100.0,0.0,99.99999999999999,85.20773370031593,3.4626455115147294,0.8387315300394294,0.997035663979036,0.37396133149842037,700.0000000000001,"{'week1_fp_per_$': np.float64(122.5126317424886), 'week2_fp_per_$': np.float64(287.8875655532296), 'week3_fp_per_$': np.float64(546.7304461494737), 'target_fp_per_$': np.float64(700.0000000000001), 'week1_vs_target': np.float64(0.17501804534641224), 'week3_vs_target': np.float64(0.7810434944992479), 'early_growth_rate': np.float64(3.4626455115147294)}","{'target_fp_per_$': np.float64(700.0000000000001), 'week10_fp_per_$': np.float64(685.0677342629101), 'week20_fp_per_$': np.float64(587.1120710276007), 'week10_vs_target': np.float64(0.9786681918041571), 'week20_vs_target': np.float64(0.8387315300394294), 'retention_penalty': np.float64(0.16126846996057065), 'long_micro_fp_per_$': np.float64(149.2418987210357), 'long_micro_vs_target': np.float64(0.2132027124586224)}","{'target_fp_per_$': np.float64(700.0000000000001), 'flash_whale_fp_per_$': np.float64(261.7729320488943), 'whale_5k_fp_per_$': np.float64(697.9249647853253), 'whale_10k_target_fp_per_$': np.float64(689.8586243909093), 'whale_10k_10w_fp_per_$': np.float64(675.1426925331546), 'flash_whale_efficiency': np.float64(0.37396133149842037), 'whale_5k_efficiency': np.float64(0.997035663979036), 'whale_10k_target_efficiency': np.float64(0.9855123205584417), 'whale_10k_10w_efficiency': np.float64(0.9644895607616493), 'whale_50k_fp_per_$': np.float64(407.2763949409645), 'whale_50k_efficiency': np.float64(0.5818234213442349), 'whale_100k_fp_per_$': np.float64(142.66762658315605), 'whale_100k_efficiency': np.float64(0.20381089511879433)}"
6.0,"Medium ($1k-$50k, 5-40w)",50000,280,72.35582756820392,100,100.0,0.0,99.99999999999999,82.37218378802615,2.9669440438855204,0.7670948082000628,0.9888137102567098,0.3881390810598692,599.9999999999999,"{'week1_fp_per_$': np.float64(119.74508177854102), 'week2_fp_per_$': np.float64(260.4744871391589), 'week3_fp_per_$': np.float64(475.02203894596784), 'target_fp_per_$': np.float64(599.9999999999999), 'week1_vs_target': np.float64(0.1995751362975684), 'week3_vs_target': np.float64(0.7917033982432798), 'early_growth_rate': np.float64(2.9669440438855204)}","{'target_fp_per_$': np.float64(599.9999999999999), 'week10_fp_per_$': np.float64(580.3324504702274), 'week20_fp_per_$': np.float64(460.2568849200376), 'week10_vs_target': np.float64(0.9672207507837125), 'week20_vs_target': np.float64(0.7670948082000628), 'retention_penalty': np.float64(0.23290519179993718), 'long_micro_fp_per_$': np.float64(112.41368732252151), 'long_micro_vs_target': np.float64(0.18735614553753588)}","{'target_fp_per_$': np.float64(599.9999999999999), 'flash_whale_fp_per_$': np.float64(232.8834486359215), 'whale_5k_fp_per_$': np.float64(593.2882261540258), 'whale_10k_target_fp_per_$': np.float64(568.4661308828305), 'whale_10k_10w_fp_per_$': np.float64(549.8322379076036), 'flash_whale_efficiency': np.float64(0.3881390810598692), 'whale_5k_efficiency': np.float64(0.9888137102567098), 'whale_10k_target_efficiency': np.float64(0.9474435514713844), 'whale_10k_10w_efficiency': np.float64(0.9163870631793395), 'whale_50k_fp_per_$': np.float64(187.8990864428283), 'whale_50k_efficiency': np.float64(0.3131651440713805)}"
6.0,"Wide ($1k-$100k, 5-50w)",100000,350,71.87929012075206,100,100.0,0.0,99.99999999999999,79.19526747168044,2.9669440438855204,0.8465828901202608,0.9971799827631533,0.40402366264159784,599.9999999999999,"{'week1_fp_per_$': np.float64(119.74508177854102), 'week2_fp_per_$': np.float64(260.4744871391589), 'week3_fp_per_$': np.float64(475.02203894596784), 'target_fp_per_$': np.float64(599.9999999999999), 'week1_vs_target': np.float64(0.1995751362975684), 'week3_vs_target': np.float64(0.7917033982432798), 'early_growth_rate': np.float64(2.9669440438855204)}","{'target_fp_per_$': np.float64(599.9999999999999), 'week10_fp_per_$': np.float64(587.8240388984332), 'week20_fp_per_$': np.float64(507.9497340721564), 'week10_vs_target': np.float64(0.9797067314973888), 'week20_vs_target': np.float64(0.8465828901202608), 'retention_penalty': np.float64(0.15341710987973922), 'long_micro_fp_per_$': np.float64(143.16312024390857), 'long_micro_vs_target': np.float64(0.2386052004065143)}","{'target_fp_per_$': np.float64(599.9999999999999), 'flash_whale_fp_per_$': np.float64(242.41419758495866), 'whale_5k_fp_per_$': np.float64(598.3079896578919), 'whale_10k_target_fp_per_$': np.float64(591.7305921883004), 'whale_10k_10w_fp_per_$': np.float64(579.7224443998141), 'flash_whale_efficiency': np.float64(0.40402366264159784), 'whale_5k_efficiency': np.float64(0.9971799827631533), 'whale_10k_target_efficiency': np.float64(0.9862176536471675), 'whale_10k_10w_efficiency': np.float64(0.9662040739996903), 'whale_50k_fp_per_$': np.float64(359.9367170268065), 'whale_50k_efficiency': np.float64(0.5998945283780109), 'whale_100k_fp_per_$': np.float64(137.57936370178606), 'whale_100k_efficiency': np.float64(0.2292989395029768)}"
5.0,"Medium ($1k-$50k, 5-40w)",50000,280,71.20439729578762,100,100.0,0.0,99.99999999999999,74.6959819719174,2.449007406494567,0.7824310069752018,0.9895502982294102,0.4265200901404129,500.0000000000001,"{'week1_fp_per_$': np.float64(116.76101131290133), 'week2_fp_per_$': np.float64(232.20339887498957), 'week3_fp_per_$': np.float64(402.70959280799264), 'target_fp_per_$': np.float64(500.0000000000001), 'week1_vs_target': np.float64(0.2335220226258026), 'week3_vs_target': np.float64(0.8054191856159851), 'early_growth_rate': np.float64(2.449007406494567)}","{'target_fp_per_$': np.float64(500.0000000000001), 'week10_fp_per_$': np.float64(484.6895893797365), 'week20_fp_per_$': np.float64(391.21550348760104), 'week10_vs_target': np.float64(0.9693791787594728), 'week20_vs_target': np.float64(0.7824310069752018), 'retention_penalty': np.float64(0.21756899302479815), 'long_micro_fp_per_$': np.float64(110.54498895053769), 'long_micro_vs_target': np.float64(0.22108997790107532)}","{'target_fp_per_$': np.float64(500.0000000000001), 'flash_whale_fp_per_$': np.float64(213.2600450702065), 'whale_5k_fp_per_$': np.float64(494.77514911470524), 'whale_10k_target_fp_per_$': np.float64(475.4521281922459), 'whale_10k_10w_fp_per_$': np.float64(460.8933935664429), 'flash_whale_efficiency': np.float64(0.4265200901404129), 'whale_5k_efficiency': np.float64(0.9895502982294102), 'whale_10k_target_efficiency': np.float64(0.9509042563844915), 'whale_10k_10w_efficiency': np.float64(0.9217867871328856), 'whale_50k_fp_per_$': np.float64(174.95689193001638), 'whale_50k_efficiency': np.float64(0.3499137838600327)}"
5.0,"Wide ($1k-$100k, 5-50w)",100000,350,70.71699952550976,100,100.0,0.0,99.99999999999999,71.44666350339838,2.449007406494567,0.8566850062407297,0.9973656735352624,0.44276668248300804,500.0000000000001,"{'week1_fp_per_$': np.float64(116.76101131290133), 'week2_fp_per_$': np.float64(232.20339887498957), 'week3_fp_per_$': np.float64(402.70959280799264), 'target_fp_per_$': np.float64(500.0000000000001), 'week1_vs_target': np.float64(0.2335220226258026), 'week3_vs_target': np.float64(0.8054191856159851), 'early_growth_rate': np.float64(2.449007406494567)}","{'target_fp_per_$': np.float64(500.0000000000001), 'week10_fp_per_$': np.float64(490.5214951217415), 'week20_fp_per_$': np.float64(428.342503120365), 'week10_vs_target': np.float64(0.9810429902434828), 'week20_vs_target': np.float64(0.8566850062407297), 'retention_penalty': np.float64(0.14331499375927026), 'long_micro_fp_per_$': np.float64(136.61631328262388), 'long_micro_vs_target': np.float64(0.2732326265652477)}","{'target_fp_per_$': np.float64(500.0000000000001), 'flash_whale_fp_per_$': np.float64(221.38334124150407), 'whale_5k_fp_per_$': np.float64(498.68283676763133), 'whale_10k_target_fp_per_$': np.float64(493.5625925847103), 'whale_10k_10w_fp_per_$': np.float64(484.20612170163), 'flash_whale_efficiency': np.float64(0.44276668248300804), 'whale_5k_efficiency': np.float64(0.9973656735352624), 'whale_10k_target_efficiency': np.float64(0.9871251851694203), 'whale_10k_10w_efficiency': np.float64(0.9684122434032598), 'whale_50k_fp_per_$': np.float64(311.7452883807865), 'whale_50k_efficiency': np.float64(0.6234905767615729), 'whale_100k_fp_per_$': np.float64(132.0462068240686), 'whale_100k_efficiency': np.float64(0.2640924136481371)}"
4.0,"Medium ($1k-$50k, 5-40w)",50000,280,69.63167799795443,100,100.0,0.0,100.0,64.21118665302954,1.9041899283821127,0.8032069970845481,0.9905481559554268,0.4789440667348523,400.0,"{'week1_fp_per_$': np.float64(113.4912), 'week2_fp_per_$': np.float64(202.8), 'week3_fp_per_$': np.float64(329.6), 'target_fp_per_$': np.float64(400.0), 'week1_vs_target': np.float64(0.28372800000000004), 'week3_vs_target': np.float64(0.8240000000000001), 'early_growth_rate': np.float64(1.9041899283821127)}","{'target_fp_per_$': np.float64(400.0), 'week10_fp_per_$': np.float64(388.9212827988338), 'week20_fp_per_$': np.float64(321.28279883381924), 'week10_vs_target': np.float64(0.9723032069970844), 'week20_vs_target': np.float64(0.8032069970845481), 'retention_penalty': np.float64(0.19679300291545188), 'long_micro_fp_per_$': np.float64(108.49446064139941), 'long_micro_vs_target': np.float64(0.2712361516034985)}","{'target_fp_per_$': np.float64(400.0), 'flash_whale_fp_per_$': np.float64(191.5776266939409), 'whale_5k_fp_per_$': np.float64(396.2192623821707), 'whale_10k_target_fp_per_$': np.float64(382.23699308961403), 'whale_10k_10w_fp_per_$': np.float64(371.65025421395416), 'flash_whale_efficiency': np.float64(0.4789440667348523), 'whale_5k_efficiency': np.float64(0.9905481559554268), 'whale_10k_target_efficiency': np.float64(0.9555924827240351), 'whale_10k_10w_efficiency': np.float64(0.9291256355348854), 'whale_50k_fp_per_$': np.float64(160.64139941690962), 'whale_50k_efficiency': np.float64(0.40160349854227406)}"
4.0,"Wide ($1k-$100k, 5-50w)",100000,350,69.1390653468643,100,100.0,0.0,100.0,60.92710231242867,1.9041899283821127,0.8703703703703703,0.9976172293282792,0.49536448843785663,400.0,"{'week1_fp_per_$': np.float64(113.4912), 'week2_fp_per_$': np.float64(202.8), 'week3_fp_per_$': np.float64(329.6), 'target_fp_per_$': np.float64(400.0), 'week1_vs_target': np.float64(0.28372800000000004), 'week3_vs_target': np.float64(0.8240000000000001), 'early_growth_rate': np.float64(1.9041899283821127)}","{'target_fp_per_$': np.float64(400.0), 'week10_fp_per_$': np.float64(393.1412894375857), 'week20_fp_per_$': np.float64(348.14814814814815), 'week10_vs_target': np.float64(0.9828532235939643), 'week20_vs_target': np.float64(0.8703703703703703), 'retention_penalty': np.float64(0.12962962962962965), 'long_micro_fp_per_$': np.float64(129.45185185185184), 'long_micro_vs_target': np.float64(0.3236296296296296)}","{'target_fp_per_$': np.float64(400.0), 'flash_whale_fp_per_$': np.float64(198.14579537514265), 'whale_5k_fp_per_$': np.float64(399.0468917313117), 'whale_10k_target_fp_per_$': np.float64(395.34184823441024), 'whale_10k_10w_fp_per_$': np.float64(388.56300995878587), 'flash_whale_efficiency': np.float64(0.49536448843785663), 'whale_5k_efficiency': np.float64(0.9976172293282792), 'whale_10k_target_efficiency': np.float64(0.9883546205860256), 'whale_10k_10w_efficiency': np.float64(0.9714075248969647), 'whale_50k_fp_per_$': np.float64(262.42980924589375), 'whale_50k_efficiency': np.float64(0.6560745231147344), 'whale_100k_fp_per_$': np.float64(125.92592592592591), 'whale_100k_efficiency': np.float64(0.31481481481481477)}"
3.0,"Medium ($1k-$50k, 5-40w)",50000,280,67.30034615832638,100,100.0,0.0,99.99999999999999,48.66897438884256,1.3253526207289126,0.8336509805848382,0.992010361317799,0.5566551280557872,299.99999999999994,"{'week1_fp_per_$': np.float64(109.81912426958107), 'week2_fp_per_$': np.float64(171.80254037844384), 'week3_fp_per_$': np.float64(255.36818842642447), 'target_fp_per_$': np.float64(299.99999999999994), 'week1_vs_target': np.float64(0.36606374756527027), 'week3_vs_target': np.float64(0.8512272947547483), 'early_growth_rate': np.float64(1.3253526207289126)}","{'target_fp_per_$': np.float64(299.99999999999994), 'week10_fp_per_$': np.float64(292.97637473580426), 'week20_fp_per_$': np.float64(250.09529417545141), 'week10_vs_target': np.float64(0.9765879157860143), 'week20_vs_target': np.float64(0.8336509805848382), 'retention_penalty': np.float64(0.16634901941516178), 'long_micro_fp_per_$': np.float64(106.18795313132563), 'long_micro_vs_target': np.float64(0.35395984377108547)}","{'target_fp_per_$': np.float64(299.99999999999994), 'flash_whale_fp_per_$': np.float64(166.99653841673612), 'whale_5k_fp_per_$': np.float64(297.60310839533963), 'whale_10k_target_fp_per_$': np.float64(288.7387048664138), 'whale_10k_10w_fp_per_$': np.float64(281.97872999224415), 'flash_whale_efficiency': np.float64(0.5566551280557872), 'whale_5k_efficiency': np.float64(0.992010361317799), 'whale_10k_target_efficiency': np.float64(0.9624623495547129), 'whale_10k_10w_efficiency': np.float64(0.9399290999741473), 'whale_50k_fp_per_$': np.float64(144.39258541525552), 'whale_50k_efficiency': np.float64(0.48130861805085184)}"
3.0,"Wide ($1k-$100k, 5-50w)",100000,350,66.81983160525695,100,100.0,0.0,99.99999999999999,45.46554403504629,1.3253526207289126,0.8904241438639773,0.9979858452340288,0.5726722798247685,299.99999999999994,"{'week1_fp_per_$': np.float64(109.81912426958107), 'week2_fp_per_$': np.float64(171.80254037844384), 'week3_fp_per_$': np.float64(255.36818842642447), 'target_fp_per_$': np.float64(299.99999999999994), 'week1_vs_target': np.float64(0.36606374756527027), 'week3_vs_target': np.float64(0.8512272947547483), 'early_growth_rate': np.float64(1.3253526207289126)}","{'target_fp_per_$': np.float64(299.99999999999994), 'week10_fp_per_$': np.float64(295.651751740634), 'week20_fp_per_$': np.float64(267.12724315919314), 'week10_vs_target': np.float64(0.9855058391354468), 'week20_vs_target': np.float64(0.8904241438639773), 'retention_penalty': np.float64(0.10957585613602272), 'long_micro_fp_per_$': np.float64(121.41785980347115), 'long_micro_vs_target': np.float64(0.4047261993449039)}","{'target_fp_per_$': np.float64(299.99999999999994), 'flash_whale_fp_per_$': np.float64(171.80168394743052), 'whale_5k_fp_per_$': np.float64(299.39575357020857), 'whale_10k_target_fp_per_$': np.float64(297.0468501152994), 'whale_10k_10w_fp_per_$': np.float64(292.7414052854194), 'flash_whale_efficiency': np.float64(0.5726722798247685), 'whale_5k_efficiency': np.float64(0.9979858452340288), 'whale_10k_target_efficiency': np.float64(0.9901561670509981), 'whale_10k_10w_efficiency': np.float64(0.9758046842847314), 'whale_50k_fp_per_$': np.float64(211.53189791938414), 'whale_50k_efficiency': np.float64(0.7051063263979472), 'whale_100k_fp_per_$': np.float64(118.97909501104496), 'whale_100k_efficiency': np.float64(0.3965969833701499)}"
